nodeID,lag_1,lag_2,lag_3,lag_24,rolling_mean_24,x_pos,y_pos,hour_sin,hour_cos,day_sin,day_cos
4922,0.00510071,0.00779924,0.00011387,0.00580164,0.004442710833333333,494117.01,1376679.17,0.7071067811865476,-0.7071067811865475,-0.9749279121818238,0.22252093395631334
5656,0.00216158,0.0047015,0.00115112,0.00300645,0.00511508375,494110.13,1376302.88,0.7071067811865476,-0.7071067811865475,-0.9749279121818238,0.22252093395631334
8596,0.0097765,0.00638003,0.0082746,0.00668416,0.005211647916666667,494155.35,1379384.78,0.7071067811865476,-0.7071067811865475,-0.9749279121818238,0.22252093395631334
8598,0.00291568,0.0011969,0.0004407,0.00668441,0.005676445000000001,494320.25,1379386.96,0.7071067811865476,-0.7071067811865475,-0.9749279121818238,0.22252093395631334
8600,0.0063962,0.0045389,0.00012835,0.00446335,0.004802442499999999,494495.39,1379463.39,0.7071067811865476,-0.7071067811865475,-0.9749279121818238,0.22252093395631334
8602,0.0074955,0.00307227,0.00466147,0.00762744,0.005512361666666667,494813.77,1379459.41,0.7071067811865476,-0.7071067811865475,-0.9749279121818238,0.22252093395631334
8604,0.00822833,0.00874142,0.0052077,0.00147407,0.0045228362499999996,494319.25,1379038.73,0.7071067811865476,-0.7071067811865475,-0.9749279121818238,0.22252093395631334
8606,0.00450096,0.00900025,0.00243393,0.00777237,0.005653994583333333,494318.89,1378911.21,0.7071067811865476,-0.7071067811865475,-0.9749279121818238,0.22252093395631334
8608,0.00605443,0.00898713,0.00534688,0.00611001,0.005281687916666666,494318.1,1378637.64,0.7071067811865476,-0.7071067811865475,-0.9749279121818238,0.22252093395631334
8610,0.00763334,0.00439543,0.00804586,0.00320898,0.00474136,494316.89,1378215.82,0.7071067811865476,-0.7071067811865475,-0.9749279121818238,0.22252093395631334
8612,0.00853241,0.00203787,0.00794257,0.00012607,0.004963165833333333,494315.73,1377813.07,0.7071067811865476,-0.7071067811865475,-0.9749279121818238,0.22252093395631334
8614,0.00645464,0.00935228,0.00430888,0.0050624,0.0050509129166666665,494314.79,1377486.46,0.7071067811865476,-0.7071067811865475,-0.9749279121818238,0.22252093395631334
8616,0.00683883,0.00607149,0.00043396,0.00694178,0.00504904375,495026.41,1379530.0,0.7071067811865476,-0.7071067811865475,-0.9749279121818238,0.22252093395631334
8618,0.00826247,0.00975057,0.00114047,0.00816479,0.005252586666666666,495514.49,1379654.16,0.7071067811865476,-0.7071067811865475,-0.9749279121818238,0.22252093395631334
8620,0.00376856,0.0095573,0.00962313,0.00371151,0.0047865629166666665,495994.58,1379694.19,0.7071067811865476,-0.7071067811865475,-0.9749279121818238,0.22252093395631334
8622,0.0050995,0.00267103,0.00848801,0.00188612,0.005163882916666667,496432.84,1379467.71,0.7071067811865476,-0.7071067811865475,-0.9749279121818238,0.22252093395631334
8624,0.00956855,0.00921698,0.00314194,0.00893463,0.006137652916666667,496981.99,1379462.84,0.7071067811865476,-0.7071067811865475,-0.9749279121818238,0.22252093395631334
8626,0.00634278,0.00514271,0.00898061,0.00354541,0.0055900966666666664,497219.59,1379460.72,0.7071067811865476,-0.7071067811865475,-0.9749279121818238,0.22252093395631334
8628,0.00621926,0.00382734,0.0088509,0.00227708,0.0059240333333333344,497381.24,1379459.29,0.7071067811865476,-0.7071067811865475,-0.9749279121818238,0.22252093395631334
8630,0.0094858,0.00508294,0.00855361,0.00282126,0.005644671666666667,498045.84,1379433.27,0.7071067811865476,-0.7071067811865475,-0.9749279121818238,0.22252093395631334
8632,0.00679022,0.00486782,0.00268413,0.00316277,0.004725767916666667,498546.05,1379428.96,0.7071067811865476,-0.7071067811865475,-0.9749279121818238,0.22252093395631334
8634,0.00857312,0.00905788,0.00147428,0.00732001,0.005038753333333334,498753.18,1379427.18,0.7071067811865476,-0.7071067811865475,-0.9749279121818238,0.22252093395631334
8636,0.00991088,0.00627704,0.00825403,0.00281845,0.0054172562499999995,498671.98,1379203.58,0.7071067811865476,-0.7071067811865475,-0.9749279121818238,0.22252093395631334
8638,0.00389889,0.00111803,0.00128766,0.00683145,0.004394230416666666,498638.22,1379045.28,0.7071067811865476,-0.7071067811865475,-0.9749279121818238,0.22252093395631334
8640,0.00482852,0.00189768,0.00863132,0.00839619,0.004651149583333333,498603.5,1379028.75,0.7071067811865476,-0.7071067811865475,-0.9749279121818238,0.22252093395631334
8642,0.00219484,0.00282392,0.0048913,0.009323,0.005798525416666668,498521.2,1378983.4,0.7071067811865476,-0.7071067811865475,-0.9749279121818238,0.22252093395631334
8644,0.00398763,0.00104255,0.00805104,0.00338393,0.00531778875,497221.32,1378651.32,0.7071067811865476,-0.7071067811865475,-0.9749279121818238,0.22252093395631334
8646,0.00011148,0.00250997,0.00432344,0.00741596,0.004928435,497310.72,1378346.7,0.7071067811865476,-0.7071067811865475,-0.9749279121818238,0.22252093395631334
8648,0.00232092,0.00440065,0.00730207,0.00623069,0.004769386666666666,497424.75,1377973.78,0.7071067811865476,-0.7071067811865475,-0.9749279121818238,0.22252093395631334
8650,0.0072286,0.00286199,0.00913072,0.00719842,0.005226941250000001,497489.76,1377761.98,0.7071067811865476,-0.7071067811865475,-0.9749279121818238,0.22252093395631334
8652,0.00912772,0.00695982,0.0083009,0.0097836,0.005739021666666667,497631.16,1377314.4,0.7071067811865476,-0.7071067811865475,-0.9749279121818238,0.22252093395631334
8654,0.00437988,0.00391785,0.00602473,0.00468709,0.004148091666666667,497863.18,1376980.01,0.7071067811865476,-0.7071067811865475,-0.9749279121818238,0.22252093395631334
8656,0.0045705,0.00433012,0.00304886,0.00733583,0.003794854166666667,498681.7,1376795.7,0.7071067811865476,-0.7071067811865475,-0.9749279121818238,0.22252093395631334
8658,0.00062195,0.00722388,0.00834257,0.00037759,0.005251670416666666,499136.15,1376698.38,0.7071067811865476,-0.7071067811865475,-0.9749279121818238,0.22252093395631334
8660,0.00864383,0.00309106,0.00959379,0.00572004,0.005292791666666667,499577.15,1376601.88,0.7071067811865476,-0.7071067811865475,-0.9749279121818238,0.22252093395631334
8662,0.00880353,0.00169193,0.00338813,0.00494935,0.004449449583333333,499597.04,1376597.5,0.7071067811865476,-0.7071067811865475,-0.9749279121818238,0.22252093395631334
8664,0.00029916,0.00672209,0.00184956,0.008763,0.004765045416666667,499629.03,1376590.44,0.7071067811865476,-0.7071067811865475,-0.9749279121818238,0.22252093395631334
8666,0.00231073,0.00999199,0.00562322,0.00734094,0.004862545416666667,499881.91,1376997.72,0.7071067811865476,-0.7071067811865475,-0.9749279121818238,0.22252093395631334
8668,0.00128043,0.00124845,0.00185318,0.00181148,0.002974183333333333,499793.78,1377304.14,0.7071067811865476,-0.7071067811865475,-0.9749279121818238,0.22252093395631334
8670,0.00951818,0.00912288,0.00780615,0.00433607,0.005762066666666667,500043.99,1377451.52,0.7071067811865476,-0.7071067811865475,-0.9749279121818238,0.22252093395631334
8672,0.00501194,0.00477878,0.00185439,0.00449163,0.004740397916666667,500085.31,1377670.0,0.7071067811865476,-0.7071067811865475,-0.9749279121818238,0.22252093395631334
8674,0.00328455,0.0043858,0.00439529,0.00251569,0.0051610275,500076.53,1377770.29,0.7071067811865476,-0.7071067811865475,-0.9749279121818238,0.22252093395631334
8676,0.00166471,0.00223023,0.00328235,0.0056746,0.00463787,499795.43,1378126.95,0.7071067811865476,-0.7071067811865475,-0.9749279121818238,0.22252093395631334
8678,0.00895745,0.00219839,0.00094608,0.0039997,0.00578804125,499695.44,1378245.57,0.7071067811865476,-0.7071067811865475,-0.9749279121818238,0.22252093395631334
8680,0.008376,0.00887922,0.00029034,0.00379629,0.00501763875,499467.73,1378444.34,0.7071067811865476,-0.7071067811865475,-0.9749279121818238,0.22252093395631334
8682,0.00808404,0.00614889,0.00496743,0.00162116,0.004634384583333334,499380.43,1378616.61,0.7071067811865476,-0.7071067811865475,-0.9749279121818238,0.22252093395631334
8684,0.0046563,0.00956121,0.00500144,0.0048157,0.005666572499999999,499219.59,1378806.3,0.7071067811865476,-0.7071067811865475,-0.9749279121818238,0.22252093395631334
8686,0.00032203,0.00475462,0.0047458,0.00263,0.0051321029166666665,498830.2,1378880.38,0.7071067811865476,-0.7071067811865475,-0.9749279121818238,0.22252093395631334
8688,0.00723942,0.00045865,0.00456151,0.0059695,0.004078735833333334,498263.57,1378944.38,0.7071067811865476,-0.7071067811865475,-0.9749279121818238,0.22252093395631334
8690,0.00425145,0.00495521,0.0093071,0.00365159,0.004507075833333333,498560.18,1378898.95,0.7071067811865476,-0.7071067811865475,-0.9749279121818238,0.22252093395631334
8692,0.00944414,0.00167742,0.00614504,0.00268941,0.0052943133333333324,498491.82,1378666.13,0.7071067811865476,-0.7071067811865475,-0.9749279121818238,0.22252093395631334
8694,0.00803045,0.00657159,0.00654699,0.00994916,0.00545777625,498263.18,1378259.82,0.7071067811865476,-0.7071067811865475,-0.9749279121818238,0.22252093395631334
8696,0.00028851,0.00892374,0.00463363,0.00081298,0.0050109895833333334,498259.62,1378150.32,0.7071067811865476,-0.7071067811865475,-0.9749279121818238,0.22252093395631334
8698,0.00496524,0.00039659,0.00558817,0.00034501,0.005360314583333334,498032.98,1378149.01,0.7071067811865476,-0.7071067811865475,-0.9749279121818238,0.22252093395631334
8700,0.00674081,0.0064914,0.00245051,0.00369512,0.0045179266666666665,497733.9,1378073.14,0.7071067811865476,-0.7071067811865475,-0.9749279121818238,0.22252093395631334
8702,0.00099532,0.00697509,0.00737909,0.00369995,0.0047186575,498098.27,1377907.62,0.7071067811865476,-0.7071067811865475,-0.9749279121818238,0.22252093395631334
8704,0.00746572,0.00471921,0.00932993,0.00117212,0.0054511925,498107.54,1377499.22,0.7071067811865476,-0.7071067811865475,-0.9749279121818238,0.22252093395631334
8706,0.00323383,0.0022301,0.00120142,0.00567332,0.0049305729166666664,498396.54,1377374.95,0.7071067811865476,-0.7071067811865475,-0.9749279121818238,0.22252093395631334
8708,0.00466359,0.00635941,0.00594747,0.00686008,0.00546963375,498453.27,1377393.61,0.7071067811865476,-0.7071067811865475,-0.9749279121818238,0.22252093395631334
8710,0.00385215,0.00437017,0.00902913,0.00393712,0.004623645833333333,499568.18,1378750.74,0.7071067811865476,-0.7071067811865475,-0.9749279121818238,0.22252093395631334
8712,0.00814539,0.0055277,0.00822829,0.00508314,0.006037550833333333,499827.86,1379108.55,0.7071067811865476,-0.7071067811865475,-0.9749279121818238,0.22252093395631334
8714,0.00151088,0.00557252,0.00344333,0.00956729,0.0048111291666666665,499855.18,1379125.15,0.7071067811865476,-0.7071067811865475,-0.9749279121818238,0.22252093395631334
8716,0.00726356,0.00587379,0.00806161,0.00702263,0.005514683333333333,500206.42,1378448.16,0.7071067811865476,-0.7071067811865475,-0.9749279121818238,0.22252093395631334
8718,0.00987044,0.00892674,0.00049913,0.00941178,0.005892786666666667,500587.57,1378761.17,0.7071067811865476,-0.7071067811865475,-0.9749279121818238,0.22252093395631334
8720,0.00472476,0.0068401,0.00274582,0.00096888,0.004617424166666667,500587.57,1378790.19,0.7071067811865476,-0.7071067811865475,-0.9749279121818238,0.22252093395631334
8722,0.0053556,0.00919071,0.00525923,0.00673038,0.0055377825,500350.23,1377670.74,0.7071067811865476,-0.7071067811865475,-0.9749279121818238,0.22252093395631334
8724,0.00990289,0.00803966,0.00851371,0.00982096,0.0058657875000000005,500470.3,1377671.24,0.7071067811865476,-0.7071067811865475,-0.9749279121818238,0.22252093395631334
8726,0.00134327,0.00598308,0.00307331,0.00494821,0.005040182916666667,500685.6,1377672.13,0.7071067811865476,-0.7071067811865475,-0.9749279121818238,0.22252093395631334
8728,0.00430216,0.00985973,0.00832211,0.00966609,0.00562430875,500905.59,1377732.81,0.7071067811865476,-0.7071067811865475,-0.9749279121818238,0.22252093395631334
8730,2.893e-05,0.00262392,0.00901796,0.00574446,0.004580205416666667,500907.71,1378210.42,0.7071067811865476,-0.7071067811865475,-0.9749279121818238,0.22252093395631334
8732,0.00143282,0.0010542,0.0032979,0.00781586,0.004389949166666666,500907.83,1378242.54,0.7071067811865476,-0.7071067811865475,-0.9749279121818238,0.22252093395631334
8734,0.00444997,0.00039786,0.00261289,0.00210179,0.0047832249999999995,500471.86,1377480.59,0.7071067811865476,-0.7071067811865475,-0.9749279121818238,0.22252093395631334
8736,0.0038648,0.00796832,0.00255191,0.00573164,0.004647640416666667,500687.32,1377439.64,0.7071067811865476,-0.7071067811865475,-0.9749279121818238,0.22252093395631334
8738,0.00533791,0.00091942,0.00573177,0.00261468,0.004835452916666667,498017.86,1378668.2,0.7071067811865476,-0.7071067811865475,-0.9749279121818238,0.22252093395631334
8740,0.00747471,0.00477566,0.00701431,0.00845228,0.006153969166666666,498610.53,1377395.64,0.7071067811865476,-0.7071067811865475,-0.9749279121818238,0.22252093395631334
8742,0.00899081,0.00910206,0.00618245,0.00348831,0.005006305,500278.43,1379108.07,0.7071067811865476,-0.7071067811865475,-0.9749279121818238,0.22252093395631334
8744,0.00671007,0.00337847,0.00965515,0.00524982,0.004807976666666666,500550.37,1379053.32,0.7071067811865476,-0.7071067811865475,-0.9749279121818238,0.22252093395631334
8746,0.00703048,0.00400613,0.00200443,0.00762196,0.0046473508333333335,500947.5,1378286.76,0.7071067811865476,-0.7071067811865475,-0.9749279121818238,0.22252093395631334
8792,0.00173815,0.00485613,0.00114374,0.0054725,0.0040021475,500703.6,1377013.26,0.7071067811865476,-0.7071067811865475,-0.9749279121818238,0.22252093395631334
9402,0.00289332,0.00433708,0.00018109,0.00024625,0.0052124870833333324,494025.6,1376678.69,0.7071067811865476,-0.7071067811865475,-0.9749279121818238,0.22252093395631334
9410,0.00837542,0.00349331,0.00196581,7.925e-05,0.005350907083333333,494118.61,1376930.61,0.7071067811865476,-0.7071067811865475,-0.9749279121818238,0.22252093395631334
J106,0.00099703,0.00382667,0.00018812,0.00310339,0.003960785416666667,494000.44,1376678.87,0.7071067811865476,-0.7071067811865475,-0.9749279121818238,0.22252093395631334
