nodeID,predicted_demand
4922,0.0050098253562121725
5656,0.0052536661282456985
8596,0.005087415595312377
8598,0.005046049674268287
8600,0.0049192311324925365
8602,0.004884369571004286
8604,0.004974218784941217
8606,0.004882991194870038
8608,0.005111099288392657
8610,0.004965608506659167
8612,0.004965771364480277
8614,0.004981378279335104
8616,0.004869743666811695
8618,0.004830703770936727
8620,0.004621736541758098
8622,0.005087946561756215
8624,0.004441766142975218
8626,0.0048624250933262695
8628,0.004679769982084846
8630,0.004897610663516549
8632,0.005119639488321004
8634,0.005038245084846104
8636,0.005016352497554925
8638,0.0050838541054389
8640,0.005028709168402555
8642,0.005032365994611235
8644,0.004910967474177676
8646,0.004912822071765099
8648,0.0050400733794994075
8650,0.004950659931660304
8652,0.005141557450705646
8654,0.004892134741586667
8656,0.0049000616892172
8658,0.005036378769279746
8660,0.00507683576072854
8662,0.004815423541048465
8664,0.004976823944661667
8666,0.005426690632144472
8668,0.004591415801092196
8670,0.005089879243663924
8672,0.005048532865736354
8674,0.004972567618679679
8676,0.005152832489055369
8678,0.00483484666466126
8680,0.004970091513648327
8682,0.004919202426293873
8684,0.004998927341929554
8686,0.005114531317579957
8688,0.0050271862386526145
8690,0.004790633877184298
8692,0.0050362513948948836
8694,0.0049054496139003265
8696,0.004870151248073629
8698,0.004794169323922982
8700,0.005081734100973764
8702,0.004993339755732893
8704,0.005049614223231968
8706,0.005108661398715774
8708,0.005033182345826152
8710,0.004945975062009128
8712,0.0047007164374123535
8714,0.004748790148866032
8716,0.004955295968446225
8718,0.005258214843883174
8720,0.004998144516146577
8722,0.005183484811273025
8724,0.004929329608297051
8726,0.004788363603178003
8728,0.005175683793878561
8730,0.004880630768232447
8732,0.005033760791578016
8734,0.005116722094981493
8736,0.005124389573937398
8738,0.005053631666557643
8740,0.0049734522878820235
8742,0.005018273245711163
8744,0.004915611328217871
8746,0.004799800271403937
8792,0.005102236463033536
9402,0.005306154916609999
9410,0.005216756937168103
J106,0.005301496979102652
