linkID,start_node,end_node,velocity,capacity,source,target,transport_cost
10101,8596,8598,2.8306559301488097,0.23280161,8596,8598,1.8852673572587697
10103,8598,8600,2.3551290877232143,0.18870665,8598,8600,1.7365497449852132
10105,8600,8602,2.2901164932142857,0.18351522,8600,8602,1.7162175219423266
10107,8598,8604,0.9161177637648811,0.05147924,8598,8604,1.2865092655833006
10109,8604,8606,0.7668594523363096,0.04661313,8604,8606,1.2398297982909505
10111,8606,8608,0.6107903688392857,0.03685541,8606,8608,1.191020310841183
10113,8608,8610,0.45603698404761905,0.02717581,8608,8610,1.1426222987330261
10115,8610,8612,0.30419274854166667,0.0197742,8610,8612,1.0951341022165861
10117,8612,8614,0.15121612630952383,0.00999224,8612,8614,1.0472917598663793
10119,8602,8616,3.197515312113095,0.17703075,8602,8616,2.0
10121,8616,8618,3.0986623520833336,0.17062065,8616,8618,1.969084445145492
10123,8618,8620,3.0024239722470236,0.16498349,8618,8620,1.9389865815100213
10125,8620,8622,2.907216774672619,0.15827131,8620,8622,1.909211212737358
10127,8622,8624,2.817699769880952,0.15612641,8622,8624,1.8812154109807406
10129,8624,8626,2.7375370133035712,0.15087995,8624,8626,1.8561450833192275
10131,8626,8628,2.661944198809524,0.1464162,8626,8628,1.832503972295402
10133,8628,8630,1.612845737247024,0.09022942,8628,8630,1.504405946435067
10135,8630,8632,1.5484085741517855,0.08631653,8630,8632,1.484253685443186
10137,8632,8634,1.49215029875,0.08370081,8632,8634,1.4666593129663246
10139,8634,8636,1.4366725016369049,0.08247321,8634,8636,1.4493090294812294
10141,8636,8638,1.3826771371279762,0.0800582,8636,8638,1.432422366169758
10143,8638,8640,1.3332213313988095,0.07771759,8638,8640,1.4169554173355132
10145,8640,8642,0.4582990333184524,0.03191471,8640,8642,1.1433297384323027
10147,8628,8644,1.5281788123660713,0.0556985,8628,8644,1.4779269724141417
10149,8644,8646,1.4364303860416665,0.05308803,8644,8646,1.4492333095638543
10151,8646,8648,1.3510633114880952,0.05033311,8646,8648,1.422535368750193
10153,8648,8650,0.9170802573363096,0.03689713,8648,8650,1.2868102785503948
10155,8650,8652,0.8487480486904763,0.03454394,8650,8652,1.2654398699750327
10157,8652,8654,0.7851347529017858,0.03235002,8652,8654,1.2455452675793208
10159,8654,8656,0.7184320653422619,0.02975809,8654,8656,1.2246844800463152
10161,8656,8658,0.6480416254910714,0.02750927,8656,8658,1.202670374411064
10163,8658,8660,0.5864462202827381,0.02481767,8658,8660,1.1834068528338593
10165,8660,8662,0.13778829837797618,0.00920164,8660,8662,1.0430923029065708
10167,8662,8664,0.06636995727678571,0.00498348,8662,8664,1.0207567285214734
10169,8660,8666,0.3796077375297619,0.01868495,8660,8666,1.1187195995877486
10171,8666,8668,0.321343778125,0.01666793,8666,8668,1.100497963811982
10173,8668,8670,0.2590817462202381,0.01654911,8668,8670,1.0810259595126137
10175,8670,8672,0.21241337747023809,0.01416133,8670,8672,1.0664307616184217
10177,8672,8674,0.3703768162053572,0.01913785,8674,8672,1.1158326950936763
10179,8674,8676,0.42760061272321426,0.02062684,8676,8674,1.1337290273805232
10181,8676,8678,0.48684573839285716,0.02384783,8678,8676,1.1522575158744501
10183,8678,8680,0.8090280756547619,0.0350831,8680,8678,1.2530177330472614
10185,8680,8682,0.8647107136904763,0.03636233,8682,8680,1.270432079062986
10187,8682,8684,1.1563127541815477,0.04637849,8684,8682,1.3616285275636075
10189,8684,8686,1.2193736880803572,0.04921655,8686,8684,1.3813503827365654
10191,8686,8640,1.289582214717262,0.05381372,8640,8686,1.4033075963176653
10193,8642,8688,0.1566511865625,0.00999092,8642,8688,1.0489915360120594
10195,8642,8690,0.4792614270833333,0.0261564,8642,8690,1.149885576862683
10197,8690,8692,0.40051092513392855,0.02135886,8690,8692,1.1252569217156458
10199,8692,8694,0.3265365489880952,0.01890138,8692,8694,1.1021219656872578
10201,8694,8696,0.24869423663690476,0.01736418,8694,8696,1.0777773403288424
10203,8696,8698,0.20344258245535715,0.01348152,8698,8696,1.0636252097635495
10205,8698,8700,0.2777175591666666,0.01598939,8700,8698,1.0868541764646422
10207,8700,8648,0.3559362385565476,0.01965505,8648,8700,1.1113165079173069
10209,8696,8702,0.3729239402083333,0.01956707,8696,8702,1.1166292898725432
10211,8702,8704,0.29763013181547615,0.01696174,8702,8704,1.0930816908641434
10213,8704,8706,0.22126697940476192,0.01363039,8704,8706,1.0691996621772348
10215,8706,8708,0.1495549615922619,0.00967825,8706,8708,1.0467722425052055
10219,8710,8712,0.1738340980654762,0.0108995,8710,8712,1.054365368449353
10221,8712,8714,0.11466869233630952,0.00752613,8712,8714,1.0358618117955252
10223,8678,8716,0.2638239390922619,0.01529716,8678,8716,1.08250904635009
10225,8716,8718,0.19898277776785714,0.0120114,8716,8718,1.0622304378071479
10227,8718,8720,0.1252309105952381,0.00803715,8718,8720,1.039165069865601
10229,8672,8722,0.5280691693005952,0.02466696,8672,8722,1.1651498484776974
10231,8722,8724,0.30158225125,0.01452095,8722,8724,1.0943176878958236
10233,8724,8726,0.2525032670238095,0.01364519,8724,8726,1.0789685872862769
10235,8726,8728,0.23336290773809523,0.0134432,8726,8728,1.0729825770822896
10237,8728,8730,0.18427661046130953,0.01065543,8728,8730,1.0576311893685755
10239,8730,8732,0.12323514688988095,0.00778263,8730,8732,1.0385409090686857
10241,8722,8734,0.17303473395833335,0.00893589,8722,8734,1.0541153730532045
10243,8734,8792,0.13854112453869047,0.00744991,8734,8792,1.0433277438934718
10245,8736,8726,0.038995285312499996,0.00390782,8736,8726,1.0121954960355546
10247,8688,8738,0.30586603964285713,0.00542993,8688,8738,1.0956574120174343
10249,8708,8740,0.30625841154761907,0.00496293,8708,8740,1.095780123518854
10251,8714,8742,0.22561646958333334,0.00395779,8714,8742,1.070559934061499
10253,8720,8744,0.19747003799107143,0.00365512,8720,8744,1.061757339282473
10255,8732,8746,0.2471643878125,0.00426182,8732,8746,1.0772988910721306
10257,8710,8682,0.23234394092261904,0.01330897,8682,8710,1.072663902512815
10305,8792,8736,0.08289367886904762,0.00541594,8792,8736,1.0259244040380426
11059,9402,4922,0.2534484941071429,0.25674929,9402,4922,1.0792642002829536
11067,9410,8596,0.4640402293303571,0.24008305,9410,8596,1.1451252563427738
5359,4922,9410,0.7419612529613095,0.24845848,4922,9410,1.2320430648605654
6210,5656,4922,0.011119881190476192,0.00996031,4922,5656,1.003477663155623
P153,J106,9402,0.2588597584970238,0.26416338,J106,9402,1.080956534442975
P387,J106,7384,0.26455245208333333,0.27373744,7384,J106,1.0827368835674167
