linkID,source,target,capacity,optimal_flow,normal_flow,flow_change,absolute_flow_change
10101,8596,8598,0.23280161,0.21732421,0.2072378,0.01008640999999999,0.01008640999999999
10103,8598,8600,0.18870665,0.18239709,0.17583456,0.006562530000000011,0.006562530000000011
10105,8600,8602,0.18351522,0.17747786,0.17176853,0.005709329999999985,0.005709329999999985
10107,8598,8604,0.05147924,0.029881067,0.02589344,0.0039876270000000005,0.0039876270000000005
10109,8604,8606,0.04661313,0.024906849,0.02419655,0.0007102989999999976,0.0007102989999999976
10111,8606,8608,0.03685541,0.020023857,0.02365851,-0.0036346530000000016,0.0036346530000000016
10113,8608,8610,0.02717581,0.014912758,0.01803975,-0.0031269920000000003,0.0031269920000000003
10115,8610,8612,0.0197742,0.0099471496,0.01537195,-0.005424800400000001,0.005424800400000001
10117,8612,8614,0.00999224,0.0049813783,0.00732092,-0.0023395416999999995,0.0023395416999999995
10119,8602,8616,0.17703075,0.17259349,0.16751326,0.005080229999999991,0.005080229999999991
10121,8616,8618,0.17062065,0.16772375,0.1605037,0.007220050000000006,0.007220050000000006
10123,8618,8620,0.16498349,0.16289305,0.15530672,0.007586330000000002,0.007586330000000002
10125,8620,8622,0.15827131,0.15827131,0.14819343,0.010077880000000011,0.010077880000000011
10127,8622,8624,0.15612641,0.15318336,0.14212088,0.011062479999999986,0.011062479999999986
10129,8624,8626,0.15087995,0.1487416,0.13463512,0.014106480000000005,0.014106480000000005
10131,8626,8628,0.1464162,0.14387917,0.13297229,0.010906880000000008,0.010906880000000008
10133,8628,8630,0.09022942,0.083500902,0.07876365,0.004737251999999997,0.004737251999999997
10135,8630,8632,0.08631653,0.078603292,0.07422995,0.004373342000000002,0.004373342000000002
10137,8632,8634,0.08370081,0.073483652,0.06969446,0.003789191999999997,0.003789191999999997
10139,8634,8636,0.08247321,0.068445407,0.06865722,-0.00021181300000000514,0.00021181300000000514
10141,8636,8638,0.0800582,0.063429054,0.06800472,-0.004575666000000006,0.004575666000000006
10143,8638,8640,0.07771759,0.0583452,0.06620184,-0.007856639999999998,0.007856639999999998
10145,8640,8642,0.03191471,0.029755621,0.02210582,0.007649800999999998,0.007649800999999998
10147,8628,8644,0.0556985,0.0556985,0.04749771,0.00820079,0.00820079
10149,8644,8646,0.05308803,0.050787533,0.04399432,0.006793212999999999,0.006793212999999999
10151,8646,8648,0.05033311,0.04587471,0.04203325,0.003841459999999998,0.003841459999999998
10153,8648,8650,0.03689713,0.021179587,0.02672688,-0.005547293000000002,0.005547293000000002
10155,8650,8652,0.03454394,0.016228927,0.02672118,-0.010492253,0.010492253
10157,8652,8654,0.03235002,0.01108737,0.02448106,-0.01339369,0.01339369
10159,8654,8656,0.02975809,0.006195235,0.02265619,-0.016460955,0.016460955
10161,8656,8658,0.02750927,0.0012951733,0.01978767,-0.0184924967,0.0184924967
10163,8658,8660,0.02481767,0.0,0.01660515,-0.01660515,0.01660515
10165,8660,8662,0.00920164,0.0,0.00446156,-0.00446156,0.00446156
10167,8662,8664,0.00498348,0.0,0.00161029,-0.00161029,0.00161029
10169,8660,8666,0.01868495,0.0,0.01069324,-0.01069324,0.01069324
10171,8666,8668,0.01666793,0.0,0.00898687,-0.00898687,0.00898687
10173,8668,8670,0.01654911,0.0,0.00632193,-0.00632193,0.00632193
10175,8670,8672,0.01416133,0.0,0.00430307,-0.00430307,0.00430307
10177,8674,8672,0.01913785,0.0,-0.01037041,0.01037041,0.01037041
10179,8676,8674,0.02062684,0.0,-0.0126155,0.0126155,0.0126155
10181,8678,8676,0.02384783,0.0,-0.0155612,0.0155612,0.0155612
10183,8680,8678,0.0350831,0.0,-0.02368922,0.02368922,0.02368922
10185,8682,8680,0.03636233,0.0035822342,-0.02644554,0.0300277742,0.0300277742
10187,8684,8682,0.04637849,0.013447412,-0.035816,0.049263412,0.049263412
10189,8686,8684,0.04921655,0.018446339,-0.03749851,0.055944849,0.055944849
10191,8640,8686,0.05381372,0.02356087,-0.0397088,0.06326967,0.06326967
10193,8642,8688,0.00999092,0.00999092,0.00258433,0.00740659,0.00740659
10195,8642,8690,0.0261564,0.014732335,0.01552979,-0.0007974550000000007,0.0007974550000000007
10197,8690,8692,0.02135886,0.009941701,0.01315598,-0.0032142789999999987,0.0032142789999999987
10199,8692,8694,0.01890138,0.0049054496,0.00943734,-0.0045318904,0.0045318904
10201,8694,8696,0.01736418,0.0,0.00845363,-0.00845363,0.00845363
10203,8698,8696,0.01348152,0.0097791466,-0.00568015,0.0154592966,0.0154592966
10205,8700,8698,0.01598939,0.014573316,-0.00651946,0.021092776,0.021092776
10207,8648,8700,0.01965505,0.01965505,-0.01074544,0.030400490000000002,0.030400490000000002
10209,8696,8702,0.01956707,0.0049089953,0.01144486,-0.0065358646999999995,0.0065358646999999995
10211,8702,8704,0.01696174,0.0,0.00916836,-0.00916836,0.00916836
10213,8704,8706,0.01363039,0.0,0.00879198,-0.00879198,0.00879198
10215,8706,8708,0.00967825,0.0,0.00483661,-0.00483661,0.00483661
10219,8710,8712,0.0108995,0.0,0.00348533,-0.00348533,0.00348533
10221,8712,8714,0.00752613,0.0,0.00212722,-0.00212722,0.00212722
10223,8678,8716,0.01529716,0.0,0.00630918,-0.00630918,0.00630918
10225,8716,8718,0.0120114,0.0,0.00517903,-0.00517903,0.00517903
10227,8718,8720,0.00803715,0.0,0.00463843,-0.00463843,0.00463843
10229,8672,8722,0.02466696,0.0,0.01374062,-0.01374062,0.01374062
10231,8722,8724,0.01452095,0.0,0.00659013,-0.00659013,0.00659013
10233,8724,8726,0.01364519,0.0,0.00642054,-0.00642054,0.00642054
10235,8726,8728,0.0134432,0.0,0.00532511,-0.00532511,0.00532511
10237,8728,8730,0.01065543,0.0,0.00488793,-0.00488793,0.00488793
10239,8730,8732,0.00778263,0.0,0.00436242,-0.00436242,0.00436242
10241,8722,8734,0.00893589,0.0,0.00469854,-0.00469854,0.00469854
10243,8734,8792,0.00744991,0.0,0.00349335,-0.00349335,0.00349335
10245,8736,8726,0.00390782,0.0,-0.00053873,0.00053873,0.00053873
10247,8688,8738,0.00542993,0.0049637338,0.00164231,0.0033214238,0.0033214238
10249,8708,8740,0.00496293,0.0,0.00085951,-0.00085951,0.00085951
10251,8714,8742,0.00395779,0.0,0.00161294,-0.00161294,0.00161294
10253,8720,8744,0.00365512,0.0,0.00185544,-0.00185544,0.00185544
10255,8732,8746,0.00426182,0.0,0.00274001,-0.00274001,0.00274001
10257,8682,8710,0.01330897,0.0049459751,-0.00678429,0.0117302651,0.0117302651
10305,8792,8736,0.00541594,0.0,0.00125838,-0.00125838,0.00125838
11059,9402,4922,0.25674929,0.23789188,0.22141794,0.016473939999999992,0.016473939999999992
11067,9410,8596,0.24008305,0.22241163,0.20913253,0.013279099999999988,0.013279099999999988
5359,4922,9410,0.24845848,0.22762838,0.20917741,0.018450969999999983,0.018450969999999983
6210,4922,5656,0.00996031,0.0052536661,-0.00661329,0.0118669561,0.0118669561
P153,J106,9402,0.26416338,0.24319803,0.22701088,0.01618715000000001,0.01618715000000001
P387,7384,J106,0.27373744,0.24849953,-0.23182213,0.48032166,0.48032166
