linkID,source,target,capacity,optimal_flow
10101,8596,8598,0.23280161,0.21732421
10103,8598,8600,0.18870665,0.18239709
10105,8600,8602,0.18351522,0.17747786
10107,8598,8604,0.05147924,0.029881067
10109,8604,8606,0.04661313,0.024906849
10111,8606,8608,0.03685541,0.020023857
10113,8608,8610,0.02717581,0.014912758
10115,8610,8612,0.0197742,0.0099471496
10117,8612,8614,0.00999224,0.0049813783
10119,8602,8616,0.17703075,0.17259349
10121,8616,8618,0.17062065,0.16772375
10123,8618,8620,0.16498349,0.16289305
10125,8620,8622,0.15827131,0.15827131
10127,8622,8624,0.15612641,0.15318336
10129,8624,8626,0.15087995,0.1487416
10131,8626,8628,0.1464162,0.14387917
10133,8628,8630,0.09022942,0.083500902
10135,8630,8632,0.08631653,0.078603292
10137,8632,8634,0.08370081,0.073483652
10139,8634,8636,0.08247321,0.068445407
10141,8636,8638,0.0800582,0.063429054
10143,8638,8640,0.07771759,0.0583452
10145,8640,8642,0.03191471,0.029755621
10147,8628,8644,0.0556985,0.0556985
10149,8644,8646,0.05308803,0.050787533
10151,8646,8648,0.05033311,0.04587471
10153,8648,8650,0.03689713,0.021179587
10155,8650,8652,0.03454394,0.016228927
10157,8652,8654,0.03235002,0.01108737
10159,8654,8656,0.02975809,0.006195235
10161,8656,8658,0.02750927,0.0012951733
10163,8658,8660,0.02481767,0.0
10165,8660,8662,0.00920164,0.0
10167,8662,8664,0.00498348,0.0
10169,8660,8666,0.01868495,0.0
10171,8666,8668,0.01666793,0.0
10173,8668,8670,0.01654911,0.0
10175,8670,8672,0.01416133,0.0
10177,8674,8672,0.01913785,0.0
10179,8676,8674,0.02062684,0.0
10181,8678,8676,0.02384783,0.0
10183,8680,8678,0.0350831,0.0
10185,8682,8680,0.03636233,0.0035822342
10187,8684,8682,0.04637849,0.013447412
10189,8686,8684,0.04921655,0.018446339
10191,8640,8686,0.05381372,0.02356087
10193,8642,8688,0.00999092,0.00999092
10195,8642,8690,0.0261564,0.014732335
10197,8690,8692,0.02135886,0.009941701
10199,8692,8694,0.01890138,0.0049054496
10201,8694,8696,0.01736418,0.0
10203,8698,8696,0.01348152,0.0097791466
10205,8700,8698,0.01598939,0.014573316
10207,8648,8700,0.01965505,0.01965505
10209,8696,8702,0.01956707,0.0049089953
10211,8702,8704,0.01696174,0.0
10213,8704,8706,0.01363039,0.0
10215,8706,8708,0.00967825,0.0
10219,8710,8712,0.0108995,0.0
10221,8712,8714,0.00752613,0.0
10223,8678,8716,0.01529716,0.0
10225,8716,8718,0.0120114,0.0
10227,8718,8720,0.00803715,0.0
10229,8672,8722,0.02466696,0.0
10231,8722,8724,0.01452095,0.0
10233,8724,8726,0.01364519,0.0
10235,8726,8728,0.0134432,0.0
10237,8728,8730,0.01065543,0.0
10239,8730,8732,0.00778263,0.0
10241,8722,8734,0.00893589,0.0
10243,8734,8792,0.00744991,0.0
10245,8736,8726,0.00390782,0.0
10247,8688,8738,0.00542993,0.0049637338
10249,8708,8740,0.00496293,0.0
10251,8714,8742,0.00395779,0.0
10253,8720,8744,0.00365512,0.0
10255,8732,8746,0.00426182,0.0
10257,8682,8710,0.01330897,0.0049459751
10305,8792,8736,0.00541594,0.0
11059,9402,4922,0.25674929,0.23789188
11067,9410,8596,0.24008305,0.22241163
5359,4922,9410,0.24845848,0.22762838
6210,4922,5656,0.00996031,0.0052536661
P153,J106,9402,0.26416338,0.24319803
P387,7384,J106,0.27373744,0.24849953
