nodeID,predicted_demand,supplied_water,shortage,satisfaction_percent
4922,0.005009825356212172,0.005009825356212172,0.0,100.0
5656,0.0052536661282456985,0.0052536661282456985,0.0,100.0
8596,0.005087415595312377,0.005087415595312377,0.0,100.0
8598,0.005046049674268287,0.005046049674268287,0.0,100.0
8600,0.0049192311324925365,0.0049192311324925365,0.0,100.0
8602,0.004884369571004286,0.004884369571004286,0.0,100.0
8604,0.004974218784941217,0.004974218784941217,0.0,100.0
8606,0.004882991194870038,0.004882991194870038,0.0,100.0
8608,0.005111099288392657,0.005111099288392657,0.0,100.0
8610,0.004965608506659167,0.004965608506659167,0.0,100.0
8612,0.004965771364480276,0.004965771364480276,0.0,100.0
8614,0.004981378279335104,0.004981378279335104,0.0,100.0
8616,0.004869743666811696,0.004869743666811696,0.0,100.0
8618,0.004830703770936727,0.004830703770936727,0.0,100.0
8620,0.004621736541758098,0.004621736541758098,0.0,100.0
8622,0.005087946561756216,0.005087946561756216,0.0,100.0
8624,0.004441766142975218,0.004441766142975218,0.0,100.0
8626,0.0048624250933262695,0.0048624250933262695,0.0,100.0
8628,0.004679769982084846,0.004679769982084846,0.0,100.0
8630,0.004897610663516549,0.004897610663516549,0.0,100.0
8632,0.005119639488321004,0.005119639488321004,0.0,100.0
8634,0.005038245084846104,0.005038245084846104,0.0,100.0
8636,0.005016352497554926,0.005016352497554926,0.0,100.0
8638,0.0050838541054389,0.0050838541054389,0.0,100.0
8640,0.005028709168402556,0.005028709168402556,0.0,100.0
8642,0.005032365994611235,0.005032365994611235,0.0,100.0
8644,0.004910967474177676,0.004910967474177676,0.0,100.0
8646,0.0049128220717651,0.0049128220717651,0.0,100.0
8648,0.0050400733794994075,0.0050400733794994075,0.0,100.0
8650,0.004950659931660304,0.004950659931660304,0.0,100.0
8652,0.005141557450705646,0.005141557450705646,0.0,100.0
8654,0.004892134741586667,0.004892134741586667,0.0,100.0
8656,0.0049000616892172,0.0049000616892172,0.0,100.0
8658,0.005036378769279745,0.0012951732692797454,0.0037412055,25.716359483918815
8660,0.00507683576072854,-3.9271460215706266e-11,0.0050768358,-7.735420656994171e-07
8662,0.004815423541048464,4.1048464106963056e-11,0.0048154235,8.524372520309097e-07
8664,0.004976823944661667,4.466166672600913e-11,0.0049768239,8.973929402086838e-07
8666,0.005426690632144472,3.214447198002235e-11,0.0054266906,5.923402338363958e-07
8668,0.004591415801092196,1.0921957782628056e-12,0.0045914158,2.378777757403275e-08
8670,0.0050898792436639235,4.366392317156631e-11,0.0050898792,8.578577424193479e-07
8672,0.005048532865736354,-3.426364660746861e-11,0.0050485329,-6.786852243750044e-07
8674,0.004972567618679679,1.867967933111281e-11,0.0049725676,3.756546067054319e-07
8676,0.00515283248905537,-1.0944629751097334e-11,0.0051528325,-2.124002628523973e-07
8678,0.0048348466646612595,-3.53387406143435e-11,0.0048348467,-7.309175050501713e-07
8680,0.004970091513648328,0.0035822342136483283,0.0013878573,72.07582000877014
8682,0.004919202426293873,0.004919202426293873,0.0,100.0
8684,0.004998927341929554,0.004998927341929554,0.0,100.0
8686,0.005114531317579957,0.005114531317579957,0.0,100.0
8688,0.005027186238652614,0.005027186238652614,0.0,100.0
8690,0.004790633877184298,0.004790633877184298,0.0,100.0
8692,0.0050362513948948836,0.0050362513948948836,0.0,100.0
8694,0.0049054496139003265,0.0049054496139003265,0.0,100.0
8696,0.004870151248073629,0.004870151248073629,0.0,100.0
8698,0.004794169323922981,0.004794169323922981,0.0,100.0
8700,0.005081734100973764,0.005081734100973764,0.0,100.0
8702,0.004993339755732893,0.0049089953267328935,8.4344429e-05,98.31086140487109
8704,0.005049614223231968,2.3231967564985023e-11,0.0050496142,4.600741074060817e-07
8706,0.005108661398715775,-1.2842244628830102e-12,0.0051086614,-2.5138179312605077e-08
8708,0.005033182345826153,4.582615276832458e-11,0.0050331823,9.104806784186281e-07
8710,0.004945975062009128,0.004945975062009128,0.0,100.0
8712,0.0047007164374123535,3.741235359705497e-11,0.0047007164,7.958862036283493e-07
8714,0.004748790148866032,4.886603188064553e-11,0.0047487901,1.0290206631327833e-06
8716,0.004955295968446225,-3.155377435032358e-11,0.004955296,-6.36768712731755e-07
8718,0.005258214843883174,4.388317400433328e-11,0.0052582148,8.345641117228619e-07
8720,0.004998144516146577,1.614657713089329e-11,0.0049981445,3.230514259588042e-07
8722,0.005183484811273024,1.1273024180802338e-11,0.0051834848,2.1747964142358064e-07
8724,0.004929329608297051,8.297051413974632e-12,0.0049293296,1.6832007744032836e-07
8726,0.0047883636031780035,3.1780038670103927e-12,0.0047883636,6.63693096510293e-08
8728,0.005175683793878561,-6.1214384255992016e-12,0.0051756838,-1.1827303732966093e-07
8730,0.004880630768232447,-3.1767552997885584e-11,0.0048806308,-6.508903153391056e-07
8732,0.005033760791578016,-8.421984463991006e-12,0.0050337608,-1.6730998576813236e-07
8734,0.005116722094981495,-5.0185055763818376e-12,0.0051167221,-9.80804797138389e-08
8736,0.005124389573937398,-2.6062602596910178e-11,0.0051243896,-5.085991652442733e-07
8738,0.005053631666557643,0.004963733761557643,8.9897905e-05,98.22112273051283
8740,0.0049734522878820235,-1.2117976760928073e-11,0.0049734523,-2.4365322233921724e-07
8742,0.005018273245711163,4.5711163153272505e-11,0.0050182732,9.108942641244032e-07
8744,0.004915611328217871,2.8217870748359353e-11,0.0049156113,5.740460110500558e-07
8746,0.004799800271403937,-2.8596062150165746e-11,0.0047998003,-5.957760851120045e-07
8792,0.005102236463033536,-3.696646461159858e-11,0.0051022365,-7.245149235913728e-07
9402,0.00530615491661,0.00530615491661,0.0,100.0
9410,0.005216756937168103,0.005216756937168103,0.0,100.0
J106,0.005301496979102652,0.005301496979102652,0.0,100.0
